[{"model": "mainapp.productcategory", "pk": 1, "fields": {"name": "action", "description": "Lorem Ipsum is simply dummy text of the printing and typesetting industry.", "is_active": true}}, {"model": "mainapp.productcategory", "pk": 2, "fields": {"name": "strategy", "description": "Lorem Ipsum is simply dummy text of the printing and typesetting industry.", "is_active": true}}, {"model": "mainapp.productcategory", "pk": 3, "fields": {"name": "simulator", "description": "Lorem Ipsum is simply dummy text of the printing and typesetting industry.", "is_active": true}}, {"model": "mainapp.productcategory", "pk": 4, "fields": {"name": "sport", "description": "Lorem Ipsum is simply dummy text of the printing and typesetting industry.", "is_active": true}}, {"model": "mainapp.product", "pk": 1, "fields": {"category": 1, "name": "BATTLEFIELD 1", "desc": "Lorem Ipsum is simply dummy text of the printing and typesetting industry.", "desc_long": "The plot is set in a fictional history of real world events and follows the centuries-old struggle between the Assassins, who fight for peace with free will, and the Templars, who desire peace through control. The story is set in the mid-18th century during the Seven Years' War, and follows Shay Patrick Cormac, an Assassin-turned-Templar who hunts down former members of his Brotherhood after being betrayed by them. Gameplay in Rogue is very similar to that of Black Flag with a mixture of ship-based naval exploration and third-person land-based exploration with some new features.", "price": "21.16", "image": "products_images/battlefield-game.jpg", "alt": "BATTLEFIELD 1", "quantity": 2, "discount": 5, "is_active": true, "created_at": "2020-05-27T01:28:08.040", "updated_at": "2020-06-03T02:07:47.664"}}, {"model": "mainapp.product", "pk": 2, "fields": {"category": 1, "name": "BATTLEFIELD 4", "desc": "Lorem Ipsum is simply dummy text of the printing and typesetting industry.", "desc_long": "The plot is set in a fictional history of real world events and follows the centuries-old struggle between the Assassins, who fight for peace with free will, and the Templars, who desire peace through control. The story is set in the mid-18th century during the Seven Years' War, and follows Shay Patrick Cormac, an Assassin-turned-Templar who hunts down former members of his Brotherhood after being betrayed by them. Gameplay in Rogue is very similar to that of Black Flag with a mixture of ship-based naval exploration and third-person land-based exploration with some new features.", "price": "38.41", "image": "products_images/battlefield4-game.jpg", "alt": "BATTLEFIELD 4", "quantity": 4, "discount": 0, "is_active": true, "created_at": "2020-05-27T01:28:08.042", "updated_at": "2020-06-02T18:59:48.864"}}, {"model": "mainapp.product", "pk": 3, "fields": {"category": 1, "name": "ASSASIN\u2019S CREED: Rogue", "desc": "Lorem Ipsum is simply dummy text of the printing and typesetting industry.", "desc_long": "The plot is set in a fictional history of real world events and follows the centuries-old struggle between the Assassins, who fight for peace with free will, and the Templars, who desire peace through control. The story is set in the mid-18th century during the Seven Years' War, and follows Shay Patrick Cormac, an Assassin-turned-Templar who hunts down former members of his Brotherhood after being betrayed by them. Gameplay in Rogue is very similar to that of Black Flag with a mixture of ship-based naval exploration and third-person land-based exploration with some new features.", "price": "19.99", "image": "products_images/assassin-game.jpg", "alt": "ASSASIN\u2019S CREED: Rogue", "quantity": 2, "discount": 10, "is_active": true, "created_at": "2020-05-27T01:28:08.044", "updated_at": "2020-06-03T02:09:08.548"}}, {"model": "mainapp.product", "pk": 4, "fields": {"category": 1, "name": "FOR HONOR", "desc": "Lorem Ipsum is simply dummy text of the printing and typesetting industry.", "desc_long": "The plot is set in a fictional history of real world events and follows the centuries-old struggle between the Assassins, who fight for peace with free will, and the Templars, who desire peace through control. The story is set in the mid-18th century during the Seven Years' War, and follows Shay Patrick Cormac, an Assassin-turned-Templar who hunts down former members of his Brotherhood after being betrayed by them. Gameplay in Rogue is very similar to that of Black Flag with a mixture of ship-based naval exploration and third-person land-based exploration with some new features.", "price": "25.57", "image": "products_images/for-honor-game.jpg", "alt": "FOR HONOR", "quantity": 7, "discount": 0, "is_active": true, "created_at": "2020-05-27T01:28:08.045", "updated_at": "2020-05-27T01:28:08.045"}}, {"model": "mainapp.product", "pk": 5, "fields": {"category": 1, "name": "CALL OF DUTY: Infinite Warface", "desc": "Lorem Ipsum is simply dummy text of the printing and typesetting industry.", "desc_long": "The plot is set in a fictional history of real world events and follows the centuries-old struggle between the Assassins, who fight for peace with free will, and the Templars, who desire peace through control. The story is set in the mid-18th century during the Seven Years' War, and follows Shay Patrick Cormac, an Assassin-turned-Templar who hunts down former members of his Brotherhood after being betrayed by them. Gameplay in Rogue is very similar to that of Black Flag with a mixture of ship-based naval exploration and third-person land-based exploration with some new features.", "price": "28.89", "image": "products_images/call-duty-game.jpg", "alt": "CALL OF DUTY", "quantity": 8, "discount": 10, "is_active": true, "created_at": "2020-05-27T01:28:08.046", "updated_at": "2020-06-03T02:07:47.791"}}, {"model": "mainapp.product", "pk": 6, "fields": {"category": 1, "name": "TOMB RAIDER", "desc": "Lorem Ipsum is simply dummy text of the printing and typesetting industry.", "desc_long": "The plot is set in a fictional history of real world events and follows the centuries-old struggle between the Assassins, who fight for peace with free will, and the Templars, who desire peace through control. The story is set in the mid-18th century during the Seven Years' War, and follows Shay Patrick Cormac, an Assassin-turned-Templar who hunts down former members of his Brotherhood after being betrayed by them. Gameplay in Rogue is very similar to that of Black Flag with a mixture of ship-based naval exploration and third-person land-based exploration with some new features.", "price": "34.45", "image": "products_images/tom-raider-game.jpg", "alt": "TOMB RAIDER", "quantity": 6, "discount": 0, "is_active": true, "created_at": "2020-05-27T01:28:08.048", "updated_at": "2020-06-02T02:45:20.900"}}, {"model": "mainapp.product", "pk": 7, "fields": {"category": 1, "name": "WORL OF WARCRAFT: Wrath Of The Linch King", "desc": "Lorem Ipsum is simply dummy text of the printing and typesetting industry.", "desc_long": "The plot is set in a fictional history of real world events and follows the centuries-old struggle between the Assassins, who fight for peace with free will, and the Templars, who desire peace through control. The story is set in the mid-18th century during the Seven Years' War, and follows Shay Patrick Cormac, an Assassin-turned-Templar who hunts down former members of his Brotherhood after being betrayed by them. Gameplay in Rogue is very similar to that of Black Flag with a mixture of ship-based naval exploration and third-person land-based exploration with some new features.", "price": "27.99", "image": "products_images/warcraft-game.jpg", "alt": "WORL OF WARCRAFT: Wrath Of The Linch King", "quantity": 8, "discount": 0, "is_active": true, "created_at": "2020-05-27T01:28:08.049", "updated_at": "2020-06-03T00:47:10.191"}}, {"model": "mainapp.product", "pk": 8, "fields": {"category": 1, "name": "DOOM ETERNAL", "desc": "Lorem Ipsum is simply dummy text of the printing and typesetting industry.", "desc_long": "The plot is set in a fictional history of real world events and follows the centuries-old struggle between the Assassins, who fight for peace with free will, and the Templars, who desire peace through control. The story is set in the mid-18th century during the Seven Years' War, and follows Shay Patrick Cormac, an Assassin-turned-Templar who hunts down former members of his Brotherhood after being betrayed by them. Gameplay in Rogue is very similar to that of Black Flag with a mixture of ship-based naval exploration and third-person land-based exploration with some new features.", "price": "24.99", "image": "products_images/doom-eternal-game.jpg", "alt": "DOOM ETERNAL", "quantity": 6, "discount": 15, "is_active": true, "created_at": "2020-05-27T01:28:08.051", "updated_at": "2020-06-03T02:09:08.491"}}, {"model": "mainapp.product", "pk": 9, "fields": {"category": 1, "name": "inFAMOUS", "desc": "Lorem Ipsum is simply dummy text of the printing and typesetting industry.", "desc_long": "The plot is set in a fictional history of real world events and follows the centuries-old struggle between the Assassins, who fight for peace with free will, and the Templars, who desire peace through control. The story is set in the mid-18th century during the Seven Years' War, and follows Shay Patrick Cormac, an Assassin-turned-Templar who hunts down former members of his Brotherhood after being betrayed by them. Gameplay in Rogue is very similar to that of Black Flag with a mixture of ship-based naval exploration and third-person land-based exploration with some new features.", "price": "19.15", "image": "products_images/infamous-game.jpg", "alt": "inFAMOUS", "quantity": 11, "discount": 0, "is_active": true, "created_at": "2020-05-27T01:28:08.053", "updated_at": "2020-05-27T01:28:08.053"}}, {"model": "mainapp.product", "pk": 10, "fields": {"category": 1, "name": "DISHONORED 2", "desc": "Lorem Ipsum is simply dummy text of the printing and typesetting industry.", "desc_long": "The plot is set in a fictional history of real world events and follows the centuries-old struggle between the Assassins, who fight for peace with free will, and the Templars, who desire peace through control. The story is set in the mid-18th century during the Seven Years' War, and follows Shay Patrick Cormac, an Assassin-turned-Templar who hunts down former members of his Brotherhood after being betrayed by them. Gameplay in Rogue is very similar to that of Black Flag with a mixture of ship-based naval exploration and third-person land-based exploration with some new features.", "price": "25.64", "image": "products_images/dishonored-similar-game.jpg", "alt": "DISHONORED 2", "quantity": 6, "discount": 0, "is_active": true, "created_at": "2020-05-27T01:28:08.054", "updated_at": "2020-06-02T15:07:08.647"}}, {"model": "mainapp.product", "pk": 11, "fields": {"category": 1, "name": "THIEF", "desc": "Lorem Ipsum is simply dummy text of the printing and typesetting industry.", "desc_long": "The plot is set in a fictional history of real world events and follows the centuries-old struggle between the Assassins, who fight for peace with free will, and the Templars, who desire peace through control. The story is set in the mid-18th century during the Seven Years' War, and follows Shay Patrick Cormac, an Assassin-turned-Templar who hunts down former members of his Brotherhood after being betrayed by them. Gameplay in Rogue is very similar to that of Black Flag with a mixture of ship-based naval exploration and third-person land-based exploration with some new features.", "price": "31.99", "image": "products_images/thief-similar-game.jpg", "alt": "THIEF", "quantity": 3, "discount": 20, "is_active": true, "created_at": "2020-05-27T01:28:08.056", "updated_at": "2020-06-02T13:51:00.520"}}, {"model": "mainapp.product", "pk": 12, "fields": {"category": 2, "name": "STAR WARS: Battlefront II", "desc": "Lorem Ipsum is simply dummy text of the printing and typesetting industry.", "desc_long": "The plot is set in a fictional history of real world events and follows the centuries-old struggle between the Assassins, who fight for peace with free will, and the Templars, who desire peace through control. The story is set in the mid-18th century during the Seven Years' War, and follows Shay Patrick Cormac, an Assassin-turned-Templar who hunts down former members of his Brotherhood after being betrayed by them. Gameplay in Rogue is very similar to that of Black Flag with a mixture of ship-based naval exploration and third-person land-based exploration with some new features.", "price": "20.50", "image": "products_images/star-wars-game.jpg", "alt": "STAR WARS", "quantity": 9, "discount": 0, "is_active": true, "created_at": "2020-05-27T01:28:08.058", "updated_at": "2020-06-03T02:06:34.605"}}, {"model": "mainapp.product", "pk": 13, "fields": {"category": 2, "name": "RYSE: Son Of Rome", "desc": "Lorem Ipsum is simply dummy text of the printing and typesetting industry.", "desc_long": "The plot is set in a fictional history of real world events and follows the centuries-old struggle between the Assassins, who fight for peace with free will, and the Templars, who desire peace through control. The story is set in the mid-18th century during the Seven Years' War, and follows Shay Patrick Cormac, an Assassin-turned-Templar who hunts down former members of his Brotherhood after being betrayed by them. Gameplay in Rogue is very similar to that of Black Flag with a mixture of ship-based naval exploration and third-person land-based exploration with some new features.", "price": "29.99", "image": "products_images/ryse-game.jpg", "alt": "RYSE", "quantity": 10, "discount": 20, "is_active": true, "created_at": "2020-05-27T01:28:08.060", "updated_at": "2020-05-27T01:28:08.060"}}, {"model": "mainapp.product", "pk": 14, "fields": {"category": 2, "name": "BATTLESTATION PACIFIC", "desc": "Lorem Ipsum is simply dummy text of the printing and typesetting industry.", "desc_long": "The plot is set in a fictional history of real world events and follows the centuries-old struggle between the Assassins, who fight for peace with free will, and the Templars, who desire peace through control. The story is set in the mid-18th century during the Seven Years' War, and follows Shay Patrick Cormac, an Assassin-turned-Templar who hunts down former members of his Brotherhood after being betrayed by them. Gameplay in Rogue is very similar to that of Black Flag with a mixture of ship-based naval exploration and third-person land-based exploration with some new features.", "price": "17.65", "image": "products_images/battlestations-pacific-game.jpg", "alt": "BATTLESTATION PACIFIC", "quantity": 6, "discount": 0, "is_active": true, "created_at": "2020-05-27T01:28:08.061", "updated_at": "2020-06-03T02:03:17.765"}}, {"model": "mainapp.product", "pk": 15, "fields": {"category": 2, "name": "MIDDLE-EARTH: Shadow Of War", "desc": "Lorem Ipsum is simply dummy text of the printing and typesetting industry.", "desc_long": "The plot is set in a fictional history of real world events and follows the centuries-old struggle between the Assassins, who fight for peace with free will, and the Templars, who desire peace through control. The story is set in the mid-18th century during the Seven Years' War, and follows Shay Patrick Cormac, an Assassin-turned-Templar who hunts down former members of his Brotherhood after being betrayed by them. Gameplay in Rogue is very similar to that of Black Flag with a mixture of ship-based naval exploration and third-person land-based exploration with some new features.", "price": "21.78", "image": "products_images/shadow-similar-game.jpg", "alt": "MIDDLE-EARTH", "quantity": 16, "discount": 10, "is_active": true, "created_at": "2020-05-27T01:28:08.062", "updated_at": "2020-05-27T01:28:08.062"}}, {"model": "mainapp.product", "pk": 16, "fields": {"category": 3, "name": "WORLD OF TANKS", "desc": "Lorem Ipsum is simply dummy text of the printing and typesetting industry.", "desc_long": "The plot is set in a fictional history of real world events and follows the centuries-old struggle between the Assassins, who fight for peace with free will, and the Templars, who desire peace through control. The story is set in the mid-18th century during the Seven Years' War, and follows Shay Patrick Cormac, an Assassin-turned-Templar who hunts down former members of his Brotherhood after being betrayed by them. Gameplay in Rogue is very similar to that of Black Flag with a mixture of ship-based naval exploration and third-person land-based exploration with some new features.", "price": "18.60", "image": "products_images/world-tanks-game.jpg", "alt": "WORLD OF TANKS", "quantity": 3, "discount": 0, "is_active": true, "created_at": "2020-05-27T01:28:08.064", "updated_at": "2020-06-03T02:19:20.537"}}, {"model": "mainapp.product", "pk": 17, "fields": {"category": 3, "name": "WORLD OF WARSHIPS", "desc": "Lorem Ipsum is simply dummy text of the printing and typesetting industry.", "desc_long": "The plot is set in a fictional history of real world events and follows the centuries-old struggle between the Assassins, who fight for peace with free will, and the Templars, who desire peace through control. The story is set in the mid-18th century during the Seven Years' War, and follows Shay Patrick Cormac, an Assassin-turned-Templar who hunts down former members of his Brotherhood after being betrayed by them. Gameplay in Rogue is very similar to that of Black Flag with a mixture of ship-based naval exploration and third-person land-based exploration with some new features.", "price": "23.99", "image": "products_images/world-warships-game.jpg", "alt": "WORLD OF WARSHIPS", "quantity": 6, "discount": 0, "is_active": true, "created_at": "2020-05-27T01:28:08.065", "updated_at": "2020-06-02T15:07:18.797"}}, {"model": "mainapp.product", "pk": 18, "fields": {"category": 3, "name": "UFC", "desc": "Lorem Ipsum is simply dummy text of the printing and typesetting industry.", "desc_long": "The plot is set in a fictional history of real world events and follows the centuries-old struggle between the Assassins, who fight for peace with free will, and the Templars, who desire peace through control. The story is set in the mid-18th century during the Seven Years' War, and follows Shay Patrick Cormac, an Assassin-turned-Templar who hunts down former members of his Brotherhood after being betrayed by them. Gameplay in Rogue is very similar to that of Black Flag with a mixture of ship-based naval exploration and third-person land-based exploration with some new features.", "price": "21.15", "image": "products_images/ufc-game.jpg", "alt": "UFC", "quantity": 15, "discount": 0, "is_active": true, "created_at": "2020-05-27T01:28:08.067", "updated_at": "2020-06-03T02:19:20.447"}}, {"model": "mainapp.product", "pk": 19, "fields": {"category": 3, "name": "HITMAN", "desc": "Lorem Ipsum is simply dummy text of the printing and typesetting industry.", "desc_long": "The plot is set in a fictional history of real world events and follows the centuries-old struggle between the Assassins, who fight for peace with free will, and the Templars, who desire peace through control. The story is set in the mid-18th century during the Seven Years' War, and follows Shay Patrick Cormac, an Assassin-turned-Templar who hunts down former members of his Brotherhood after being betrayed by them. Gameplay in Rogue is very similar to that of Black Flag with a mixture of ship-based naval exploration and third-person land-based exploration with some new features.", "price": "37.89", "image": "products_images/hitman-similar-game.jpg", "alt": "HITMAN", "quantity": 6, "discount": 0, "is_active": true, "created_at": "2020-05-27T01:28:08.069", "updated_at": "2020-06-03T02:18:03.281"}}, {"model": "mainapp.product", "pk": 20, "fields": {"category": 4, "name": "CREW 2", "desc": "Lorem Ipsum is simply dummy text of the printing and typesetting industry.", "desc_long": "The plot is set in a fictional history of real world events and follows the centuries-old struggle between the Assassins, who fight for peace with free will, and the Templars, who desire peace through control. The story is set in the mid-18th century during the Seven Years' War, and follows Shay Patrick Cormac, an Assassin-turned-Templar who hunts down former members of his Brotherhood after being betrayed by them. Gameplay in Rogue is very similar to that of Black Flag with a mixture of ship-based naval exploration and third-person land-based exploration with some new features.", "price": "16.99", "image": "products_images/crew-2-game.jpg", "alt": "CREW 2", "quantity": 2, "discount": 0, "is_active": true, "created_at": "2020-05-27T01:28:08.074", "updated_at": "2020-06-02T13:07:18.174"}}, {"model": "mainapp.product", "pk": 21, "fields": {"category": 4, "name": "FIFA 12", "desc": "Lorem Ipsum is simply dummy text of the printing and typesetting industry.", "desc_long": "The plot is set in a fictional history of real world events and follows the centuries-old struggle between the Assassins, who fight for peace with free will, and the Templars, who desire peace through control. The story is set in the mid-18th century during the Seven Years' War, and follows Shay Patrick Cormac, an Assassin-turned-Templar who hunts down former members of his Brotherhood after being betrayed by them. Gameplay in Rogue is very similar to that of Black Flag with a mixture of ship-based naval exploration and third-person land-based exploration with some new features.", "price": "27.65", "image": "products_images/fifa-12-game.jpg", "alt": "FIFA 12", "quantity": 8, "discount": 0, "is_active": true, "created_at": "2020-05-27T01:28:08.075", "updated_at": "2020-06-03T02:06:34.649"}}, {"model": "mainapp.product", "pk": 22, "fields": {"category": 4, "name": "NEED for SPEED", "desc": "Lorem Ipsum is simply dummy text of the printing and typesetting industry.", "desc_long": "The plot is set in a fictional history of real world events and follows the centuries-old struggle between the Assassins, who fight for peace with free will, and the Templars, who desire peace through control. The story is set in the mid-18th century during the Seven Years' War, and follows Shay Patrick Cormac, an Assassin-turned-Templar who hunts down former members of his Brotherhood after being betrayed by them. Gameplay in Rogue is very similar to that of Black Flag with a mixture of ship-based naval exploration and third-person land-based exploration with some new features.", "price": "23.99", "image": "products_images/need-for-speed-game.jpg", "alt": "NEED for SPEED", "quantity": 7, "discount": 0, "is_active": true, "created_at": "2020-05-27T01:28:08.076", "updated_at": "2020-05-27T01:28:08.076"}}, {"model": "mainapp.product", "pk": 23, "fields": {"category": 4, "name": "PROJECT CARS 2 cover", "desc": "Lorem Ipsum is simply dummy text of the printing and typesetting industry.", "desc_long": "The plot is set in a fictional history of real world events and follows the centuries-old struggle between the Assassins, who fight for peace with free will, and the Templars, who desire peace through control. The story is set in the mid-18th century during the Seven Years' War, and follows Shay Patrick Cormac, an Assassin-turned-Templar who hunts down former members of his Brotherhood after being betrayed by them. Gameplay in Rogue is very similar to that of Black Flag with a mixture of ship-based naval exploration and third-person land-based exploration with some new features.", "price": "25.99", "image": "products_images/project-cars-2-game.jpg", "alt": "PROJECT CARS 2 cover", "quantity": 9, "discount": 0, "is_active": true, "created_at": "2020-05-27T01:28:08.078", "updated_at": "2020-06-03T02:07:47.748"}}, {"model": "mainapp.mainsocial", "pk": 1, "fields": {"name": "fb", "href": "#", "image": "products_images/social-fb.png", "alt": "facebook"}}, {"model": "mainapp.mainsocial", "pk": 2, "fields": {"name": "tw", "href": "#", "image": "products_images/social-tw.png", "alt": "twitter"}}, {"model": "mainapp.mainsocial", "pk": 3, "fields": {"name": "rss", "href": "#", "image": "products_images/social-rss.png", "alt": "rss"}}, {"model": "mainapp.mainsocial", "pk": 4, "fields": {"name": "vk", "href": "#", "image": "products_images/social-vk.png", "alt": "vk"}}, {"model": "mainapp.services", "pk": 1, "fields": {"title": "Repreh Qui In Ea Voluptate", "content": "Itaque earum rerum hic tenetur a sapiente delectus, ut aut reiciendis voluptatibus maiores alias consequatur aut perferendis doloribus asperiores repellat.", "image": "products_images/pic-fork.png"}}, {"model": "mainapp.services", "pk": 2, "fields": {"title": "Aut Perferendis Doloribus", "content": "Itaque earum rerum hic tenetur a sapiente delectus, ut aut reiciendis voluptatibus maiores alias consequatur aut perferendis doloribus asperiores repellat.", "image": "products_images/pic-dol.png"}}, {"model": "mainapp.services", "pk": 3, "fields": {"title": "Maiores Alias Consequatur", "content": "Itaque earum rerum hic tenetur a sapiente delectus, ut aut reiciendis voluptatibus maiores alias consequatur aut perferendis doloribus asperiores repellat.", "image": "products_images/pic-diag.png"}}, {"model": "mainapp.services", "pk": 4, "fields": {"title": "Voluptatibus Maiores Alias", "content": "Itaque earum rerum hic tenetur a sapiente delectus, ut aut reiciendis voluptatibus maiores alias consequatur aut perferendis doloribus asperiores repellat.", "image": "products_images/pic-arr.png"}}, {"model": "mainapp.services", "pk": 5, "fields": {"title": "Dut Aut Reiciendis Maiores", "content": "Itaque earum rerum hic tenetur a sapiente delectus, ut aut reiciendis voluptatibus maiores alias consequatur aut perferendis doloribus asperiores repellat.", "image": "products_images/pic-hom.png"}}, {"model": "mainapp.services", "pk": 6, "fields": {"title": "Doloribus Volupta Maiores", "content": "Itaque earum rerum hic tenetur a sapiente delectus, ut aut reiciendis voluptatibus maiores alias consequatur aut perferendis doloribus asperiores repellat.", "image": "products_images/pic-set.png"}}, {"model": "mainapp.news", "pk": 1, "fields": {"data": "2020-05-27T01:28:08.094", "news_tite": "Fugiat Quo Voluptas", "news_content": "Quis autem vel eum iure reprehenderit qui in ea voluptate velit esse.", "is_active": true}}, {"model": "mainapp.news", "pk": 2, "fields": {"data": "2020-05-27T01:28:08.097", "news_tite": "FugQui In Ea Voluptate", "news_content": "Quis autem vel eum iure reprehenderit qui in ea voluptate velit esse.", "is_active": true}}, {"model": "mainapp.news", "pk": 3, "fields": {"data": "2020-05-27T01:28:08.098", "news_tite": "Autem Vel Eum Iure", "news_content": "Quis autem vel eum iure reprehenderit qui in ea voluptate velit esse.", "is_active": true}}, {"model": "mainapp.news", "pk": 4, "fields": {"data": "2020-05-27T01:28:08.099", "news_tite": "Itaque earum rerum hic", "news_content": "Quis autem vel eum iure reprehenderit qui in ea voluptate velit esse.", "is_active": true}}, {"model": "mainapp.team", "pk": 1, "fields": {"name": "Mary Jane", "post": "Vestibulum", "image": "products_images/team-mary.jpg"}}, {"model": "mainapp.team", "pk": 2, "fields": {"name": "Peter Parker", "post": "Vestibulum", "image": "products_images/team-peter.jpg"}}, {"model": "mainapp.team", "pk": 3, "fields": {"name": "John Watson", "post": "Vestibulum", "image": "products_images/team-johan.jpg"}}, {"model": "mainapp.team", "pk": 4, "fields": {"name": "Steven Wilson", "post": "Vestibulum", "image": "products_images/team-steven.jpg"}}]